episode,completion_rate,reward,avg_latency
0,0.56,13.799999999999983,7.095238095238095
1,0.5584415584415584,13.799999999999983,7.186046511627907
2,0.5882352941176471,12.199999999999989,7.3
3,0.5833333333333334,13.199999999999985,5.928571428571429
4,0.44,14.199999999999982,9.757575757575758
5,0.5131578947368421,14.199999999999982,8.35897435897436
6,0.5522388059701493,12.199999999999989,8.027027027027026
7,0.4647887323943662,12.799999999999986,7.909090909090909
8,0.5769230769230769,10.199999999999996,8.833333333333334
9,0.45161290322580644,12.199999999999989,9.75
10,0.4927536231884058,12.799999999999986,8.117647058823529
11,0.4266666666666667,13.799999999999983,9.8125
12,0.5,13.399999999999984,9.257142857142858
13,0.37349397590361444,15.199999999999978,8.64516129032258
14,0.47058823529411764,12.999999999999986,7.375
15,0.3787878787878788,12.999999999999986,12.2
16,0.45454545454545453,11.99999999999999,9.666666666666666
17,0.4025974025974026,14.39999999999998,9.774193548387096
18,0.4827586206896552,10.999999999999993,11.0
19,0.3939393939393939,12.199999999999989,9.115384615384615
20,0.3380281690140845,12.399999999999988,10.5
21,0.39436619718309857,13.199999999999985,10.785714285714286
22,0.3611111111111111,13.599999999999984,11.807692307692308
23,0.4117647058823529,12.399999999999988,8.928571428571429
24,0.35714285714285715,13.199999999999985,13.0
25,0.2777777777777778,13.999999999999982,13.2
26,0.34328358208955223,12.199999999999989,10.91304347826087
27,0.32894736842105265,14.39999999999998,10.84
28,0.39705882352941174,12.399999999999988,11.074074074074074
29,0.3793103448275862,10.999999999999993,12.0
30,0.37681159420289856,12.599999999999987,11.192307692307692
31,0.4117647058823529,12.599999999999987,10.071428571428571
32,0.37037037037037035,15.199999999999978,10.066666666666666
33,0.38571428571428573,12.799999999999986,10.777777777777779
34,0.3684210526315789,13.999999999999982,12.5
35,0.40625,12.199999999999989,9.153846153846153
36,0.3380281690140845,12.999999999999986,12.875
37,0.34285714285714286,13.199999999999985,12.375
38,0.35384615384615387,12.399999999999988,10.73913043478261
39,0.38095238095238093,11.59999999999999,11.291666666666666
40,0.2597402597402597,13.999999999999982,11.85
41,0.33783783783783783,13.999999999999982,11.36
42,0.29411764705882354,12.799999999999986,11.8
43,0.3013698630136986,13.399999999999984,14.363636363636363
44,0.28378378378378377,13.999999999999982,12.666666666666666
45,0.3333333333333333,12.199999999999989,12.5
46,0.32857142857142857,13.199999999999985,11.565217391304348
47,0.3055555555555556,13.599999999999984,12.181818181818182
48,0.3181818181818182,12.599999999999987,11.523809523809524
49,0.29850746268656714,12.399999999999988,14.0
50,0.35,10.599999999999994,12.19047619047619
51,0.3333333333333333,13.799999999999983,10.958333333333334
52,0.28735632183908044,16.199999999999974,12.0
53,0.3013698630136986,12.999999999999986,11.681818181818182
54,0.28378378378378377,13.799999999999983,12.952380952380953
55,0.3333333333333333,12.199999999999989,12.772727272727273
56,0.3108108108108108,13.599999999999984,12.652173913043478
57,0.32,13.999999999999982,13.541666666666666
58,0.27848101265822783,14.999999999999979,13.909090909090908
59,0.2625,14.79999999999998,16.19047619047619
60,0.3181818181818182,11.79999999999999,13.095238095238095
61,0.2597402597402597,14.39999999999998,13.85
62,0.2597402597402597,13.999999999999982,13.75
63,0.3333333333333333,11.399999999999991,11.761904761904763
64,0.30434782608695654,13.199999999999985,13.428571428571429
65,0.3582089552238806,11.99999999999999,10.833333333333334
66,0.28,14.199999999999982,12.857142857142858
67,0.26666666666666666,13.399999999999984,11.3
68,0.34782608695652173,12.799999999999986,10.0
69,0.4318181818181818,7.200000000000004,10.0
70,0.313953488372093,15.399999999999977,12.62962962962963
71,0.26582278481012656,14.999999999999979,12.0
72,0.3492063492063492,10.999999999999993,11.136363636363637
73,0.2702702702702703,13.799999999999983,13.9
74,0.29333333333333333,13.399999999999984,13.5
75,0.3548387096774194,11.79999999999999,11.681818181818182
76,0.3125,12.199999999999989,12.65
77,0.32,14.199999999999982,11.958333333333334
78,0.3387096774193548,12.399999999999988,11.857142857142858
79,0.3114754098360656,11.199999999999992,14.368421052631579
80,0.2898550724637681,12.999999999999986,13.8
81,0.2714285714285714,13.199999999999985,13.368421052631579
82,0.28205128205128205,14.59999999999998,13.090909090909092
83,0.30666666666666664,14.199999999999982,10.652173913043478
84,0.3181818181818182,12.199999999999989,13.428571428571429
85,0.3026315789473684,14.39999999999998,14.652173913043478
86,0.3125,11.79999999999999,12.4
87,0.3561643835616438,13.199999999999985,11.884615384615385
88,0.36065573770491804,10.599999999999994,13.045454545454545
89,0.2878787878787879,12.599999999999987,11.947368421052632
90,0.3684210526315789,11.199999999999992,12.80952380952381
91,0.34328358208955223,12.799999999999986,13.652173913043478
92,0.3442622950819672,10.999999999999993,12.666666666666666
93,0.2777777777777778,13.999999999999982,14.05
94,0.273972602739726,13.399999999999984,13.1
95,0.2857142857142857,13.799999999999983,13.727272727272727
96,0.29577464788732394,12.999999999999986,12.285714285714286
97,0.3387096774193548,11.399999999999991,13.476190476190476
98,0.3559322033898305,10.599999999999994,11.19047619047619
99,0.29333333333333333,13.999999999999982,12.590909090909092
100,0.36486486486486486,13.399999999999984,11.407407407407407
101,0.3088235294117647,12.799999999999986,10.904761904761905
102,0.3380281690140845,13.599999999999984,12.25
103,0.3382352941176471,12.999999999999986,11.217391304347826
104,0.3380281690140845,13.599999999999984,12.083333333333334
105,0.3230769230769231,11.99999999999999,12.428571428571429
106,0.35384615384615387,12.399999999999988,11.782608695652174
107,0.34285714285714286,13.399999999999984,11.583333333333334
108,0.32894736842105265,14.39999999999998,12.96
109,0.3108108108108108,14.59999999999998,12.043478260869565
110,0.352112676056338,12.999999999999986,11.8
111,0.3,12.599999999999987,12.095238095238095
112,0.3611111111111111,13.399999999999984,12.23076923076923
113,0.29411764705882354,13.399999999999984,13.5
114,0.31666666666666665,10.599999999999994,11.68421052631579
115,0.3055555555555556,13.199999999999985,13.272727272727273
116,0.34375,12.399999999999988,12.363636363636363
117,0.3387096774193548,11.99999999999999,10.904761904761905
118,0.2948717948717949,14.199999999999982,13.391304347826088
119,0.2535211267605634,13.599999999999984,15.055555555555555
120,0.27941176470588236,12.799999999999986,15.631578947368421
121,0.3076923076923077,14.999999999999979,13.375
122,0.26666666666666666,13.399999999999984,13.7
123,0.30303030303030304,11.59999999999999,11.45
124,0.3548387096774194,11.59999999999999,12.363636363636363
125,0.30985915492957744,12.999999999999986,12.954545454545455
126,0.2987012987012987,14.39999999999998,13.043478260869565
127,0.3230769230769231,12.199999999999989,12.095238095238095
128,0.36231884057971014,13.399999999999984,11.16
129,0.3582089552238806,12.599999999999987,10.75
130,0.2916666666666667,13.999999999999982,10.095238095238095
131,0.3125,11.399999999999991,11.15
132,0.33766233766233766,13.999999999999982,12.538461538461538
133,0.3,10.999999999999993,12.0
134,0.296875,11.79999999999999,12.842105263157896
135,0.3108108108108108,13.999999999999982,11.956521739130435
136,0.3333333333333333,12.399999999999988,12.954545454545455
137,0.2857142857142857,14.199999999999982,13.545454545454545
138,0.30985915492957744,13.999999999999982,12.545454545454545
139,0.2916666666666667,13.399999999999984,12.619047619047619
140,0.3333333333333333,12.599999999999987,11.956521739130435
141,0.2948717948717949,14.999999999999979,12.652173913043478
142,0.3225806451612903,11.99999999999999,13.75
143,0.2962962962962963,15.199999999999978,12.75
144,0.35384615384615387,11.99999999999999,12.521739130434783
145,0.35,11.399999999999991,12.619047619047619
146,0.3055555555555556,13.799999999999983,13.909090909090908
147,0.2875,14.999999999999979,14.347826086956522
148,0.3559322033898305,10.999999999999993,13.380952380952381
149,0.29850746268656714,11.99999999999999,12.85
150,0.3246753246753247,13.999999999999982,11.8
151,0.3013698630136986,12.999999999999986,12.5
152,0.27941176470588236,12.599999999999987,11.947368421052632
153,0.3013698630136986,12.999999999999986,9.772727272727273
154,0.27906976744186046,15.799999999999976,12.416666666666666
155,0.29333333333333333,13.799999999999983,12.090909090909092
156,0.2857142857142857,13.999999999999982,12.772727272727273
157,0.3225806451612903,11.59999999999999,13.25
158,0.3125,11.99999999999999,12.3
159,0.296875,11.399999999999991,11.736842105263158
160,0.33783783783783783,14.79999999999998,13.28
161,0.3548387096774194,12.399999999999988,12.045454545454545
162,0.30434782608695654,12.599999999999987,12.142857142857142
163,0.35064935064935066,14.199999999999982,11.925925925925926
164,0.2716049382716049,14.79999999999998,10.954545454545455
165,0.28,13.599999999999984,13.428571428571429
166,0.2916666666666667,13.399999999999984,14.380952380952381
167,0.2894736842105263,14.199999999999982,14.409090909090908
168,0.29333333333333333,14.199999999999982,14.590909090909092
169,0.2777777777777778,13.199999999999985,14.2
170,0.2972972972972973,13.999999999999982,11.863636363636363
171,0.3333333333333333,13.999999999999982,11.68
172,0.3333333333333333,11.59999999999999,13.523809523809524
173,0.2948717948717949,14.59999999999998,12.130434782608695
174,0.32142857142857145,10.599999999999994,12.277777777777779
175,0.2894736842105263,13.999999999999982,13.909090909090908
176,0.2839506172839506,15.199999999999978,13.956521739130435
177,0.3142857142857143,12.999999999999986,12.681818181818182
178,0.2948717948717949,14.39999999999998,13.130434782608695
179,0.30864197530864196,15.599999999999977,13.96
180,0.32786885245901637,10.799999999999994,12.05
181,0.2777777777777778,12.999999999999986,12.1
182,0.30985915492957744,13.999999999999982,12.045454545454545
183,0.2564102564102564,14.59999999999998,12.6
184,0.3472222222222222,13.799999999999983,13.24
185,0.2702702702702703,13.999999999999982,14.7
186,0.3387096774193548,11.79999999999999,13.952380952380953
187,0.2835820895522388,12.399999999999988,11.631578947368421
188,0.3088235294117647,12.599999999999987,10.952380952380953
189,0.2923076923076923,12.199999999999989,12.894736842105264
190,0.2571428571428571,12.599999999999987,10.944444444444445
191,0.2972972972972973,13.999999999999982,13.727272727272727
192,0.31746031746031744,11.99999999999999,11.95
193,0.2638888888888889,12.999999999999986,13.157894736842104
194,0.3125,11.199999999999992,13.0
195,0.3484848484848485,12.399999999999988,12.043478260869565
196,0.30666666666666664,14.79999999999998,12.26086956521739
197,0.3088235294117647,12.599999999999987,11.476190476190476
198,0.28378378378378377,14.39999999999998,15.19047619047619
199,0.3492063492063492,11.79999999999999,13.590909090909092
200,0.2692307692307692,14.79999999999998,12.619047619047619
201,0.25675675675675674,12.999999999999986,14.68421052631579
202,0.26744186046511625,15.799999999999976,13.434782608695652
203,0.2823529411764706,15.599999999999977,13.541666666666666
204,0.2911392405063291,14.79999999999998,12.73913043478261
205,0.29333333333333333,13.999999999999982,11.681818181818182
206,0.2898550724637681,13.199999999999985,12.3
207,0.34375,12.599999999999987,11.909090909090908
208,0.24691358024691357,15.399999999999977,14.05
209,0.2972972972972973,13.999999999999982,10.136363636363637
210,0.3548387096774194,11.59999999999999,11.409090909090908
211,0.3181818181818182,12.199999999999989,12.476190476190476
212,0.34285714285714286,13.599999999999984,10.541666666666666
213,0.29577464788732394,13.799999999999983,13.380952380952381
214,0.328125,12.799999999999986,13.904761904761905
215,0.2804878048780488,15.399999999999977,12.73913043478261
216,0.3188405797101449,12.599999999999987,12.272727272727273
217,0.3333333333333333,13.399999999999984,13.478260869565217
218,0.31343283582089554,12.999999999999986,12.428571428571429
219,0.3287671232876712,13.599999999999984,12.583333333333334
220,0.32857142857142857,12.199999999999989,12.173913043478262
221,0.3088235294117647,12.199999999999989,10.476190476190476
222,0.3181818181818182,12.199999999999989,14.523809523809524
223,0.32558139534883723,15.599999999999977,12.285714285714286
224,0.35526315789473684,14.39999999999998,12.037037037037036
225,0.2898550724637681,12.999999999999986,12.75
226,0.3157894736842105,13.999999999999982,12.125
227,0.34328358208955223,12.399999999999988,11.304347826086957
228,0.35365853658536583,15.799999999999976,9.96551724137931
229,0.375,14.79999999999998,10.4
230,0.39705882352941174,12.799999999999986,11.222222222222221
231,0.3698630136986301,13.399999999999984,11.444444444444445
232,0.32432432432432434,13.599999999999984,12.25
233,0.3484848484848485,12.399999999999988,13.173913043478262
234,0.36507936507936506,10.799999999999994,10.26086956521739
235,0.34523809523809523,16.199999999999974,10.862068965517242
236,0.36486486486486486,13.799999999999983,9.851851851851851
237,0.359375,12.199999999999989,11.304347826086957
238,0.3225806451612903,10.599999999999994,12.1
239,0.373134328358209,12.799999999999986,11.8
240,0.34328358208955223,12.599999999999987,11.73913043478261
241,0.4090909090909091,12.199999999999989,10.777777777777779
242,0.3559322033898305,10.599999999999994,12.047619047619047
243,0.35443037974683544,14.39999999999998,12.392857142857142
244,0.3835616438356164,13.399999999999984,10.642857142857142
245,0.3225806451612903,11.59999999999999,11.15
246,0.38028169014084506,13.199999999999985,11.37037037037037
247,0.39344262295081966,11.399999999999991,11.708333333333334
248,0.4025974025974026,13.799999999999983,10.774193548387096
249,0.3333333333333333,13.799999999999983,11.76
250,0.32857142857142857,13.399999999999984,11.130434782608695
251,0.390625,12.199999999999989,11.12
252,0.3333333333333333,13.399999999999984,10.32
253,0.4,12.599999999999987,12.923076923076923
254,0.3709677419354839,11.199999999999992,12.130434782608695
255,0.3815789473684211,14.79999999999998,10.344827586206897
256,0.35714285714285715,12.399999999999988,11.4
257,0.3382352941176471,12.599999999999987,12.26086956521739
258,0.38461538461538464,14.999999999999979,10.133333333333333
259,0.32786885245901637,10.999999999999993,10.85
260,0.35365853658536583,15.399999999999977,10.310344827586206
261,0.34177215189873417,14.999999999999979,11.925925925925926
262,0.32432432432432434,13.199999999999985,11.0
263,0.37142857142857144,13.199999999999985,11.461538461538462
264,0.38095238095238093,11.199999999999992,13.458333333333334
265,0.3466666666666667,14.199999999999982,12.346153846153847
266,0.4057971014492754,12.999999999999986,10.107142857142858
267,0.3333333333333333,12.799999999999986,12.818181818181818
268,0.3684210526315789,10.599999999999994,9.428571428571429
269,0.34615384615384615,14.59999999999998,11.74074074074074
270,0.3780487804878049,15.599999999999977,11.193548387096774
271,0.32926829268292684,14.999999999999979,12.185185185185185
272,0.391304347826087,13.199999999999985,10.74074074074074
273,0.35714285714285715,15.799999999999976,11.8
274,0.3333333333333333,12.799999999999986,11.5
275,0.2987012987012987,13.999999999999982,10.782608695652174
276,0.35,14.39999999999998,11.392857142857142
277,0.38461538461538464,11.399999999999991,11.32
278,0.3333333333333333,12.599999999999987,12.454545454545455
279,0.3389830508474576,11.399999999999991,11.35
280,0.3466666666666667,13.799999999999983,12.0
281,0.3333333333333333,10.799999999999994,9.4
282,0.35135135135135137,14.199999999999982,12.653846153846153
283,0.36619718309859156,13.999999999999982,11.115384615384615
284,0.375,13.599999999999984,13.74074074074074
285,0.34177215189873417,14.79999999999998,10.74074074074074
286,0.3717948717948718,15.199999999999978,11.344827586206897
287,0.3698630136986301,13.999999999999982,11.444444444444445
288,0.3064516129032258,11.399999999999991,11.368421052631579
289,0.35443037974683544,14.79999999999998,12.535714285714286
290,0.32894736842105265,14.199999999999982,10.44
291,0.4027777777777778,13.199999999999985,10.482758620689655
292,0.4050632911392405,14.59999999999998,11.21875
293,0.35294117647058826,12.199999999999989,11.75
294,0.43333333333333335,11.399999999999991,13.0
295,0.36363636363636365,14.199999999999982,11.75
296,0.3291139240506329,14.999999999999979,11.23076923076923
297,0.34328358208955223,11.99999999999999,13.08695652173913
298,0.36486486486486486,13.799999999999983,12.74074074074074
299,0.3055555555555556,12.599999999999987,12.454545454545455
300,0.39344262295081966,11.59999999999999,10.041666666666666
301,0.36470588235294116,15.799999999999976,10.741935483870968
302,0.3918918918918919,13.799999999999983,10.758620689655173
303,0.4084507042253521,13.399999999999984,9.413793103448276
304,0.42105263157894735,11.199999999999992,11.0
305,0.40298507462686567,12.599999999999987,10.777777777777779
306,0.391304347826087,12.399999999999988,10.407407407407407
307,0.43478260869565216,12.799999999999986,11.2
308,0.42857142857142855,13.599999999999984,12.1
309,0.3561643835616438,13.199999999999985,9.76923076923077
310,0.36764705882352944,12.999999999999986,9.56
311,0.38,9.799999999999997,9.736842105263158
312,0.42105263157894735,13.799999999999983,9.9375
313,0.3728813559322034,10.999999999999993,12.090909090909092
314,0.3968253968253968,11.399999999999991,11.72
315,0.37349397590361444,15.999999999999975,10.451612903225806
316,0.4126984126984127,11.59999999999999,9.923076923076923
317,0.3333333333333333,12.599999999999987,12.0
318,0.3625,14.999999999999979,11.413793103448276
319,0.3783783783783784,13.599999999999984,11.642857142857142
320,0.3424657534246575,13.399999999999984,10.28
321,0.3939393939393939,12.399999999999988,12.615384615384615
322,0.3466666666666667,13.799999999999983,11.73076923076923
323,0.3561643835616438,13.599999999999984,10.615384615384615
324,0.4,12.399999999999988,11.846153846153847
325,0.3333333333333333,13.999999999999982,12.884615384615385
326,0.34328358208955223,12.799999999999986,10.521739130434783
327,0.352112676056338,13.599999999999984,11.6
328,0.34375,11.79999999999999,11.636363636363637
329,0.3333333333333333,13.399999999999984,12.12
330,0.34328358208955223,11.399999999999991,12.956521739130435
331,0.36065573770491804,11.199999999999992,10.363636363636363
332,0.375,14.39999999999998,10.966666666666667
333,0.37333333333333335,13.999999999999982,11.25
334,0.36363636363636365,12.599999999999987,12.416666666666666
335,0.35384615384615387,12.199999999999989,12.217391304347826
336,0.3333333333333333,9.999999999999996,13.277777777777779
337,0.352112676056338,12.999999999999986,11.0
338,0.3472222222222222,12.999999999999986,12.84
339,0.43859649122807015,11.399999999999991,12.08
340,0.35294117647058826,12.799999999999986,12.5
341,0.33783783783783783,13.799999999999983,12.92
342,0.5,9.599999999999998,10.692307692307692
343,0.34615384615384615,14.59999999999998,10.777777777777779
344,0.3548387096774194,10.799999999999994,11.681818181818182
345,0.3698630136986301,13.599999999999984,11.88888888888889
346,0.375,10.999999999999993,11.916666666666666
347,0.3472222222222222,13.799999999999983,11.0
348,0.3333333333333333,13.799999999999983,10.2
349,0.3698630136986301,14.199999999999982,10.25925925925926
350,0.3548387096774194,10.799999999999994,10.772727272727273
351,0.3382352941176471,12.799999999999986,11.695652173913043
352,0.35064935064935066,14.39999999999998,11.0
353,0.37333333333333335,13.799999999999983,11.428571428571429
354,0.3787878787878788,12.399999999999988,11.12
355,0.352112676056338,13.599999999999984,11.52
356,0.35714285714285715,12.599999999999987,12.2
357,0.37681159420289856,12.399999999999988,9.461538461538462
358,0.38235294117647056,12.999999999999986,11.384615384615385
359,0.4264705882352941,12.599999999999987,10.655172413793103
360,0.3333333333333333,13.999999999999982,9.92
361,0.4583333333333333,13.799999999999983,9.454545454545455
362,0.4074074074074074,14.59999999999998,9.666666666666666
363,0.3939393939393939,12.399999999999988,9.538461538461538
364,0.3918918918918919,13.199999999999985,10.206896551724139
365,0.4027777777777778,13.599999999999984,10.241379310344827
366,0.3875,14.79999999999998,9.709677419354838
367,0.42028985507246375,13.199999999999985,10.689655172413794
368,0.4027777777777778,12.599999999999987,10.344827586206897
369,0.4,12.999999999999986,10.357142857142858
370,0.38571428571428573,12.999999999999986,9.592592592592593
371,0.379746835443038,14.39999999999998,10.733333333333333
372,0.40789473684210525,14.59999999999998,10.225806451612904
373,0.45901639344262296,11.59999999999999,11.107142857142858
374,0.3614457831325301,15.599999999999977,10.833333333333334
375,0.36363636363636365,14.199999999999982,10.142857142857142
376,0.40540540540540543,13.599999999999984,11.033333333333333
377,0.37333333333333335,14.199999999999982,10.571428571428571
378,0.4375,14.999999999999979,10.571428571428571
379,0.41333333333333333,13.599999999999984,12.580645161290322
380,0.4166666666666667,15.399999999999977,10.285714285714286
381,0.4342105263157895,14.39999999999998,9.393939393939394
382,0.37333333333333335,13.999999999999982,10.571428571428571
383,0.453125,12.199999999999989,11.344827586206897
384,0.40298507462686567,12.399999999999988,10.703703703703704
385,0.42857142857142855,13.799999999999983,11.272727272727273
386,0.38271604938271603,14.199999999999982,9.129032258064516
387,0.40540540540540543,13.599999999999984,11.066666666666666
388,0.4098360655737705,11.59999999999999,11.92
389,0.38823529411764707,15.999999999999975,11.727272727272727
390,0.41379310344827586,10.599999999999994,11.583333333333334
391,0.4189189189189189,13.799999999999983,10.67741935483871
392,0.3717948717948718,14.59999999999998,11.689655172413794
393,0.410958904109589,13.399999999999984,11.166666666666666
394,0.43661971830985913,13.199999999999985,9.64516129032258
395,0.4057971014492754,12.199999999999989,10.107142857142858
396,0.43478260869565216,12.999999999999986,10.166666666666666
397,0.38571428571428573,12.799999999999986,10.37037037037037
398,0.35294117647058826,12.199999999999989,10.958333333333334
399,0.39436619718309857,12.799999999999986,11.928571428571429
400,0.42028985507246375,13.199999999999985,10.551724137931034
401,0.38372093023255816,15.999999999999975,10.818181818181818
402,0.38095238095238093,11.399999999999991,10.916666666666666
403,0.3815789473684211,14.39999999999998,10.379310344827585
404,0.42857142857142855,11.199999999999992,10.37037037037037
405,0.38028169014084506,13.799999999999983,10.11111111111111
406,0.4117647058823529,12.799999999999986,11.964285714285714
407,0.4098360655737705,11.59999999999999,10.32
408,0.39436619718309857,13.199999999999985,9.535714285714286
409,0.39473684210526316,14.39999999999998,11.0
410,0.35135135135135137,13.799999999999983,10.346153846153847
411,0.38461538461538464,11.99999999999999,11.24
412,0.43333333333333335,11.399999999999991,11.115384615384615
413,0.36486486486486486,13.399999999999984,12.481481481481481
414,0.3880597014925373,12.399999999999988,10.115384615384615
415,0.40350877192982454,10.799999999999994,10.652173913043478
416,0.36363636363636365,14.199999999999982,10.035714285714286
417,0.38028169014084506,12.999999999999986,9.62962962962963
418,0.38961038961038963,14.39999999999998,10.6
419,0.38666666666666666,13.999999999999982,10.793103448275861
420,0.38571428571428573,13.199999999999985,10.518518518518519
421,0.3561643835616438,14.199999999999982,10.153846153846153
422,0.4025974025974026,14.39999999999998,9.806451612903226
423,0.4,15.199999999999978,10.34375
424,0.375,14.59999999999998,12.366666666666667
425,0.35294117647058826,15.799999999999976,10.866666666666667
426,0.35714285714285715,15.199999999999978,10.0
427,0.3787878787878788,11.99999999999999,10.08
428,0.39473684210526316,14.199999999999982,10.9
429,0.4067796610169492,10.799999999999994,11.416666666666666
430,0.4117647058823529,12.599999999999987,11.5
431,0.35185185185185186,10.199999999999996,11.473684210526315
432,0.375,11.79999999999999,10.916666666666666
433,0.3972602739726027,13.199999999999985,10.655172413793103
434,0.36764705882352944,13.399999999999984,12.24
435,0.42028985507246375,12.999999999999986,11.0
436,0.3972602739726027,13.199999999999985,10.620689655172415
437,0.41333333333333333,14.199999999999982,10.290322580645162
438,0.38333333333333336,11.199999999999992,11.91304347826087
439,0.43548387096774194,12.399999999999988,10.925925925925926
440,0.43478260869565216,12.799999999999986,11.2
441,0.45161290322580644,11.99999999999999,11.071428571428571
442,0.3972602739726027,13.399999999999984,10.620689655172415
443,0.410958904109589,13.599999999999984,9.666666666666666
444,0.3972602739726027,13.199999999999985,11.03448275862069
445,0.4444444444444444,12.199999999999989,10.357142857142858
446,0.4262295081967213,11.59999999999999,11.115384615384615
447,0.417910447761194,12.199999999999989,10.678571428571429
448,0.4305555555555556,13.599999999999984,11.64516129032258
449,0.4126984126984127,11.99999999999999,10.73076923076923
450,0.42857142857142855,14.59999999999998,11.212121212121213
451,0.41025641025641024,14.999999999999979,9.1875
452,0.39759036144578314,14.79999999999998,9.242424242424242
453,0.42857142857142855,11.59999999999999,8.74074074074074
454,0.4444444444444444,10.199999999999996,9.916666666666666
455,0.4177215189873418,15.399999999999977,11.515151515151516
456,0.379746835443038,14.59999999999998,10.566666666666666
457,0.3783783783783784,13.799999999999983,10.928571428571429
458,0.4189189189189189,14.199999999999982,11.129032258064516
459,0.4411764705882353,12.199999999999989,11.333333333333334
460,0.4852941176470588,13.199999999999985,10.181818181818182
461,0.42857142857142855,12.199999999999989,9.62962962962963
462,0.4,11.99999999999999,9.576923076923077
463,0.45,11.199999999999992,10.666666666666666
464,0.4,11.399999999999991,11.25
465,0.4,11.59999999999999,11.384615384615385
466,0.4583333333333333,13.799999999999983,10.212121212121213
467,0.35526315789473684,13.999999999999982,10.777777777777779
468,0.4852941176470588,12.599999999999987,9.151515151515152
469,0.3939393939393939,12.399999999999988,10.423076923076923
470,0.41333333333333333,13.999999999999982,9.741935483870968
471,0.45588235294117646,12.599999999999987,10.612903225806452
472,0.43243243243243246,13.999999999999982,9.5
473,0.42105263157894735,10.399999999999995,11.291666666666666
474,0.44871794871794873,14.999999999999979,12.342857142857143
475,0.4,11.59999999999999,10.576923076923077
476,0.425,15.199999999999978,11.294117647058824
477,0.47058823529411764,12.799999999999986,10.71875
478,0.4264705882352941,12.399999999999988,10.413793103448276
479,0.4492753623188406,13.199999999999985,10.870967741935484
480,0.3283582089552239,11.399999999999991,9.454545454545455
481,0.43037974683544306,14.39999999999998,11.382352941176471
482,0.38235294117647056,12.599999999999987,10.538461538461538
483,0.3870967741935484,12.199999999999989,11.833333333333334
484,0.38235294117647056,12.799999999999986,11.423076923076923
485,0.42857142857142855,14.199999999999982,10.666666666666666
486,0.4153846153846154,12.399999999999988,10.37037037037037
487,0.37333333333333335,13.999999999999982,9.678571428571429
488,0.41379310344827586,11.199999999999992,10.833333333333334
489,0.4264705882352941,12.599999999999987,9.10344827586207
490,0.4166666666666667,10.799999999999994,10.2
491,0.39436619718309857,13.399999999999984,10.714285714285714
492,0.3880597014925373,12.199999999999989,10.807692307692308
493,0.3924050632911392,14.39999999999998,10.935483870967742
494,0.4098360655737705,11.59999999999999,12.6
495,0.4166666666666667,13.199999999999985,10.933333333333334
496,0.3880597014925373,12.399999999999988,9.038461538461538
497,0.46153846153846156,11.99999999999999,9.533333333333333
498,0.3815789473684211,14.59999999999998,10.620689655172415
499,0.4266666666666667,13.799999999999983,10.84375
500,0.47058823529411764,12.999999999999986,11.375
501,0.4444444444444444,13.399999999999984,10.1875
502,0.40789473684210525,14.39999999999998,10.129032258064516
503,0.4262295081967213,10.999999999999993,9.884615384615385
504,0.4084507042253521,13.199999999999985,9.241379310344827
505,0.42857142857142855,11.99999999999999,11.851851851851851
506,0.4117647058823529,16.599999999999973,11.542857142857143
507,0.4266666666666667,13.999999999999982,10.40625
508,0.37333333333333335,13.399999999999984,11.071428571428571
509,0.45,11.59999999999999,10.925925925925926
510,0.4,13.999999999999982,10.333333333333334
511,0.4057971014492754,12.999999999999986,11.678571428571429
512,0.42424242424242425,12.799999999999986,11.178571428571429
513,0.37333333333333335,14.199999999999982,11.964285714285714
514,0.45454545454545453,12.599999999999987,11.0
515,0.4864864864864865,14.199999999999982,9.305555555555555
516,0.38461538461538464,9.399999999999999,8.4
517,0.4246575342465753,13.599999999999984,10.580645161290322
518,0.4444444444444444,13.199999999999985,9.5
519,0.43037974683544306,14.999999999999979,12.088235294117647
520,0.423728813559322,10.399999999999995,8.8
521,0.5,11.199999999999992,10.59375
522,0.43661971830985913,13.199999999999985,10.32258064516129
523,0.421875,12.199999999999989,12.074074074074074
524,0.4492753623188406,12.799999999999986,10.741935483870968
525,0.4266666666666667,13.999999999999982,9.78125
526,0.4305555555555556,13.599999999999984,10.258064516129032
527,0.4177215189873418,14.79999999999998,10.484848484848484
528,0.36,13.799999999999983,11.481481481481481
529,0.4246575342465753,13.199999999999985,9.709677419354838
530,0.421875,11.99999999999999,9.962962962962964
531,0.43283582089552236,12.599999999999987,10.689655172413794
532,0.45714285714285713,13.599999999999984,10.875
533,0.4507042253521127,13.399999999999984,8.6875
534,0.45569620253164556,14.79999999999998,10.027777777777779
535,0.43478260869565216,12.199999999999989,9.6
536,0.4430379746835443,14.999999999999979,10.457142857142857
537,0.391304347826087,12.599999999999987,9.814814814814815
538,0.4307692307692308,12.399999999999988,9.678571428571429
539,0.3684210526315789,13.399999999999984,8.607142857142858
540,0.4358974358974359,14.79999999999998,11.264705882352942
541,0.43859649122807015,10.799999999999994,11.6
542,0.5,11.59999999999999,10.64516129032258
543,0.3698630136986301,13.199999999999985,11.481481481481481
544,0.4626865671641791,12.399999999999988,9.774193548387096
545,0.4342105263157895,14.59999999999998,10.909090909090908
546,0.5,12.399999999999988,10.40625
547,0.4268292682926829,14.999999999999979,11.771428571428572
548,0.4861111111111111,13.999999999999982,10.114285714285714
549,0.43209876543209874,15.199999999999978,10.485714285714286
550,0.4507042253521127,13.599999999999984,9.78125
551,0.43478260869565216,11.99999999999999,8.333333333333334
552,0.4666666666666667,11.399999999999991,10.75
553,0.4305555555555556,13.399999999999984,11.548387096774194
554,0.38333333333333336,10.999999999999993,9.91304347826087
555,0.45,11.199999999999992,10.777777777777779
556,0.4857142857142857,12.999999999999986,11.558823529411764
557,0.42105263157894735,14.39999999999998,10.40625
558,0.5,13.199999999999985,9.558823529411764
559,0.3793103448275862,10.799999999999994,11.772727272727273
560,0.44,13.999999999999982,11.393939393939394
561,0.4098360655737705,11.199999999999992,10.2
562,0.42857142857142855,15.599999999999977,10.86111111111111
563,0.4225352112676056,13.399999999999984,10.833333333333334
564,0.4027777777777778,13.199999999999985,11.137931034482758
565,0.3684210526315789,13.799999999999983,10.178571428571429
566,0.4507042253521127,13.799999999999983,10.90625
567,0.3770491803278688,10.999999999999993,10.565217391304348
568,0.3870967741935484,11.199999999999992,11.125
569,0.4473684210526316,14.39999999999998,10.205882352941176
570,0.4342105263157895,14.59999999999998,11.090909090909092
571,0.42028985507246375,13.199999999999985,10.275862068965518
572,0.3522727272727273,16.599999999999973,11.129032258064516
573,0.4444444444444444,13.999999999999982,11.09375
574,0.45714285714285713,13.199999999999985,10.15625
575,0.4057971014492754,13.399999999999984,9.428571428571429
576,0.4057971014492754,12.399999999999988,10.357142857142858
577,0.4305555555555556,13.999999999999982,9.35483870967742
578,0.38596491228070173,9.999999999999996,10.272727272727273
579,0.4090909090909091,12.599999999999987,10.814814814814815
580,0.44594594594594594,14.59999999999998,11.0
581,0.41333333333333333,13.799999999999983,11.225806451612904
582,0.4342105263157895,14.59999999999998,11.393939393939394
583,0.46875,11.79999999999999,8.0
584,0.4142857142857143,12.599999999999987,10.517241379310345
585,0.4117647058823529,12.199999999999989,10.464285714285714
586,0.47058823529411764,12.999999999999986,9.125
587,0.39759036144578314,15.599999999999977,10.151515151515152
588,0.4927536231884058,12.199999999999989,8.823529411764707
589,0.42857142857142855,11.79999999999999,9.518518518518519
590,0.4507042253521127,13.599999999999984,10.09375
591,0.39473684210526316,14.39999999999998,11.166666666666666
592,0.4411764705882353,12.399999999999988,10.2
593,0.47761194029850745,12.999999999999986,10.25
594,0.4411764705882353,12.399999999999988,10.7
595,0.391304347826087,12.999999999999986,11.0
596,0.4246575342465753,13.599999999999984,11.483870967741936
597,0.4666666666666667,11.59999999999999,10.535714285714286
598,0.4461538461538462,12.399999999999988,10.03448275862069
599,0.39759036144578314,15.399999999999977,9.030303030303031
600,0.4230769230769231,14.59999999999998,10.606060606060606
601,0.4025974025974026,13.999999999999982,10.0
602,0.4166666666666667,13.999999999999982,9.333333333333334
603,0.42105263157894735,14.199999999999982,10.6875
604,0.4166666666666667,13.799999999999983,11.066666666666666
605,0.4305555555555556,12.999999999999986,9.806451612903226
606,0.3972602739726027,12.799999999999986,9.0
607,0.4166666666666667,13.399999999999984,10.266666666666667
608,0.4305555555555556,12.599999999999987,10.161290322580646
609,0.4142857142857143,13.199999999999985,9.482758620689655
610,0.45454545454545453,11.99999999999999,9.966666666666667
611,0.42857142857142855,12.199999999999989,9.8
612,0.36904761904761907,15.399999999999977,10.774193548387096
613,0.4492753623188406,12.999999999999986,11.35483870967742
614,0.47692307692307695,12.599999999999987,10.741935483870968
615,0.4507042253521127,13.199999999999985,10.09375
616,0.43478260869565216,12.999999999999986,10.3
617,0.4142857142857143,12.999999999999986,11.0
618,0.4852941176470588,12.999999999999986,10.636363636363637
619,0.44776119402985076,12.199999999999989,10.5
620,0.4430379746835443,14.999999999999979,10.342857142857143
621,0.4084507042253521,13.399999999999984,9.689655172413794
622,0.3974358974358974,14.59999999999998,11.03225806451613
623,0.417910447761194,12.199999999999989,10.107142857142858
624,0.4567901234567901,15.199999999999978,9.594594594594595
625,0.44776119402985076,12.999999999999986,10.7
626,0.49230769230769234,12.399999999999988,10.34375
627,0.5147058823529411,12.199999999999989,8.314285714285715
628,0.4430379746835443,14.39999999999998,11.228571428571428
629,0.43478260869565216,13.399999999999984,9.966666666666667
630,0.38571428571428573,13.199999999999985,10.74074074074074
631,0.43859649122807015,10.599999999999994,9.4
632,0.45588235294117646,12.999999999999986,11.709677419354838
633,0.4444444444444444,13.399999999999984,11.875
634,0.45588235294117646,12.999999999999986,11.161290322580646
635,0.4533333333333333,13.599999999999984,10.5
636,0.43209876543209874,14.59999999999998,10.8
637,0.4444444444444444,13.399999999999984,9.84375
638,0.43103448275862066,9.999999999999996,9.72
639,0.4444444444444444,11.59999999999999,10.178571428571429
640,0.43103448275862066,10.799999999999994,10.36
641,0.4461538461538462,11.99999999999999,9.689655172413794
642,0.43037974683544306,14.79999999999998,11.117647058823529
643,0.4788732394366197,13.599999999999984,10.647058823529411
644,0.4027777777777778,13.199999999999985,10.241379310344827
645,0.47540983606557374,11.79999999999999,10.413793103448276
646,0.4027777777777778,12.999999999999986,10.310344827586206
647,0.4411764705882353,12.199999999999989,9.666666666666666
648,0.4492753623188406,12.999999999999986,9.0
649,0.42168674698795183,15.999999999999975,10.428571428571429
650,0.44285714285714284,12.599999999999987,9.67741935483871
651,0.4430379746835443,13.999999999999982,10.342857142857143
652,0.4117647058823529,11.99999999999999,9.75
653,0.36764705882352944,12.999999999999986,10.0
654,0.47761194029850745,11.99999999999999,9.65625
655,0.43243243243243246,13.599999999999984,10.96875
656,0.4,11.59999999999999,10.0
657,0.4024390243902439,14.79999999999998,10.0
658,0.4027777777777778,13.199999999999985,11.379310344827585
659,0.40789473684210525,14.199999999999982,10.03225806451613
660,0.4461538461538462,11.99999999999999,9.586206896551724
661,0.4626865671641791,12.399999999999988,9.870967741935484
662,0.39436619718309857,12.199999999999989,10.035714285714286
663,0.4411764705882353,12.399999999999988,10.666666666666666
664,0.4098360655737705,11.199999999999992,10.68
665,0.4626865671641791,12.799999999999986,9.67741935483871
666,0.4166666666666667,13.399999999999984,11.233333333333333
667,0.4166666666666667,13.399999999999984,9.633333333333333
668,0.4090909090909091,12.399999999999988,11.518518518518519
669,0.4861111111111111,12.999999999999986,11.285714285714286
670,0.4714285714285714,12.799999999999986,9.424242424242424
671,0.453125,11.99999999999999,8.206896551724139
672,0.46774193548387094,11.59999999999999,10.275862068965518
673,0.49206349206349204,11.59999999999999,10.096774193548388
674,0.45569620253164556,14.39999999999998,10.305555555555555
675,0.4177215189873418,13.999999999999982,11.393939393939394
676,0.44594594594594594,14.39999999999998,10.696969696969697
677,0.4918032786885246,11.399999999999991,9.233333333333333
678,0.4358974358974359,14.999999999999979,11.235294117647058
679,0.4166666666666667,10.799999999999994,10.4
680,0.43661971830985913,13.199999999999985,10.290322580645162
681,0.49295774647887325,13.399999999999984,9.428571428571429
682,0.42857142857142855,13.199999999999985,9.733333333333333
683,0.40298507462686567,12.599999999999987,8.925925925925926
684,0.47761194029850745,11.99999999999999,11.03125
685,0.49206349206349204,11.99999999999999,10.483870967741936
686,0.4788732394366197,12.999999999999986,10.205882352941176
687,0.4852941176470588,12.399999999999988,10.272727272727273
688,0.4266666666666667,13.999999999999982,10.78125
689,0.4126984126984127,11.79999999999999,10.076923076923077
690,0.41025641025641024,14.59999999999998,10.3125
691,0.42857142857142855,12.999999999999986,10.366666666666667
692,0.4146341463414634,15.799999999999976,10.794117647058824
693,0.4533333333333333,13.599999999999984,9.588235294117647
694,0.5483870967741935,12.199999999999989,10.941176470588236
695,0.4383561643835616,13.199999999999985,10.0625
696,0.417910447761194,12.399999999999988,11.714285714285714
697,0.4507042253521127,12.799999999999986,9.53125
698,0.5,11.59999999999999,9.40625
699,0.5,12.399999999999988,9.151515151515152
700,0.5,11.79999999999999,10.40625
701,0.4155844155844156,14.39999999999998,10.28125
702,0.4507042253521127,13.199999999999985,8.875
703,0.40298507462686567,11.79999999999999,9.37037037037037
704,0.4533333333333333,13.799999999999983,9.5
705,0.4696969696969697,12.599999999999987,11.290322580645162
706,0.4,11.59999999999999,10.423076923076923
707,0.40540540540540543,13.999999999999982,10.8
708,0.41509433962264153,9.799999999999997,10.045454545454545
709,0.4246575342465753,13.399999999999984,11.225806451612904
710,0.484375,11.79999999999999,11.870967741935484
711,0.43209876543209874,15.799999999999976,12.6
712,0.45588235294117646,12.199999999999989,11.03225806451613
713,0.484375,11.399999999999991,9.741935483870968
714,0.4264705882352941,13.399999999999984,9.586206896551724
715,0.39759036144578314,14.999999999999979,10.303030303030303
716,0.45614035087719296,10.199999999999996,8.5
717,0.44871794871794873,14.999999999999979,9.17142857142857
718,0.5,12.999999999999986,10.583333333333334
719,0.4305555555555556,13.799999999999983,9.838709677419354
720,0.46153846153846156,11.99999999999999,9.8
721,0.43636363636363634,10.399999999999995,10.041666666666666
722,0.4383561643835616,13.399999999999984,11.84375
723,0.4125,15.199999999999978,11.606060606060606
724,0.4782608695652174,12.999999999999986,10.06060606060606
725,0.46153846153846156,12.199999999999989,9.866666666666667
726,0.4305555555555556,13.199999999999985,10.258064516129032
727,0.4375,12.199999999999989,9.571428571428571
728,0.4594594594594595,14.199999999999982,9.970588235294118
729,0.44776119402985076,12.199999999999989,7.933333333333334
730,0.43373493975903615,15.199999999999978,9.75
731,0.5,13.199999999999985,10.142857142857142
732,0.5294117647058824,12.399999999999988,9.277777777777779
733,0.41333333333333333,13.999999999999982,10.32258064516129
734,0.42168674698795183,14.79999999999998,10.6
735,0.4090909090909091,12.399999999999988,10.851851851851851
736,0.4473684210526316,13.799999999999983,10.117647058823529
737,0.44594594594594594,13.799999999999983,10.484848484848484
738,0.5084745762711864,11.199999999999992,9.166666666666666
739,0.4861111111111111,13.199999999999985,9.771428571428572
740,0.3707865168539326,16.199999999999974,10.878787878787879
741,0.4657534246575342,13.399999999999984,10.352941176470589
742,0.47619047619047616,11.199999999999992,8.7
743,0.45588235294117646,12.199999999999989,9.96774193548387
744,0.4605263157894737,13.799999999999983,11.542857142857143
745,0.49333333333333335,14.199999999999982,9.783783783783784
746,0.43661971830985913,12.999999999999986,9.580645161290322
747,0.45569620253164556,14.999999999999979,10.944444444444445
748,0.48333333333333334,11.399999999999991,10.448275862068966
749,0.391304347826087,12.399999999999988,11.074074074074074
750,0.4625,15.599999999999977,11.0
751,0.42857142857142855,13.799999999999983,8.636363636363637
752,0.4520547945205479,13.399999999999984,8.757575757575758
753,0.4782608695652174,13.199999999999985,9.757575757575758
754,0.4794520547945205,13.599999999999984,9.742857142857142
755,0.4918032786885246,11.199999999999992,10.166666666666666
756,0.4383561643835616,12.999999999999986,8.8125
757,0.4246575342465753,13.199999999999985,9.612903225806452
758,0.410958904109589,13.199999999999985,9.6
759,0.44594594594594594,13.199999999999985,10.181818181818182
760,0.42028985507246375,12.999999999999986,10.517241379310345
761,0.4722222222222222,12.999999999999986,8.823529411764707
762,0.48484848484848486,12.399999999999988,10.15625
763,0.4393939393939394,12.799999999999986,10.172413793103448
764,0.4533333333333333,14.199999999999982,11.647058823529411
765,0.4927536231884058,12.799999999999986,11.205882352941176
766,0.47761194029850745,12.599999999999987,9.875
767,0.4533333333333333,13.799999999999983,10.147058823529411
768,0.45454545454545453,11.79999999999999,8.466666666666667
769,0.4430379746835443,14.199999999999982,10.2
770,0.5072463768115942,12.999999999999986,9.971428571428572
771,0.42857142857142855,15.599999999999977,10.88888888888889
772,0.4461538461538462,12.199999999999989,9.0
773,0.40625,11.399999999999991,10.076923076923077
774,0.410958904109589,12.999999999999986,11.433333333333334
775,0.48,14.39999999999998,10.055555555555555
776,0.5070422535211268,13.999999999999982,11.38888888888889
777,0.3783783783783784,13.399999999999984,10.535714285714286
778,0.5217391304347826,12.599999999999987,10.166666666666666
779,0.5,12.399999999999988,9.588235294117647
780,0.45161290322580644,10.999999999999993,10.142857142857142
781,0.4125,14.39999999999998,11.515151515151516
782,0.4696969696969697,12.199999999999989,7.903225806451613
783,0.4852941176470588,12.199999999999989,9.787878787878787
784,0.4647887323943662,12.599999999999987,11.272727272727273
785,0.42857142857142855,12.599999999999987,10.033333333333333
786,0.4186046511627907,16.199999999999974,10.194444444444445
787,0.4262295081967213,11.199999999999992,10.307692307692308
788,0.47692307692307695,11.99999999999999,11.0
789,0.48,14.199999999999982,8.833333333333334
790,0.3974358974358974,14.79999999999998,10.193548387096774
791,0.4805194805194805,14.39999999999998,10.486486486486486
792,0.4307692307692308,12.399999999999988,9.642857142857142
793,0.4411764705882353,12.799999999999986,10.766666666666667
794,0.4358974358974359,14.79999999999998,11.529411764705882
795,0.45,14.59999999999998,10.083333333333334
796,0.38235294117647056,12.399999999999988,10.5
797,0.44155844155844154,13.799999999999983,10.441176470588236
798,0.43333333333333335,10.599999999999994,11.346153846153847
799,0.49295774647887325,13.199999999999985,10.771428571428572
800,0.46296296296296297,9.599999999999998,7.88
801,0.3614457831325301,15.199999999999978,12.066666666666666
802,0.4594594594594595,13.799999999999983,9.382352941176471
803,0.484375,12.399999999999988,11.064516129032258
804,0.4411764705882353,13.199999999999985,10.166666666666666
805,0.4,13.999999999999982,10.133333333333333
806,0.4225352112676056,13.399999999999984,9.2
807,0.4722222222222222,13.799999999999983,9.235294117647058
808,0.44871794871794873,14.79999999999998,9.971428571428572
809,0.5535714285714286,10.399999999999995,10.709677419354838
810,0.4603174603174603,11.399999999999991,8.0
811,0.453125,11.199999999999992,9.89655172413793
812,0.4507042253521127,13.399999999999984,10.375
813,0.4426229508196721,10.799999999999994,11.25925925925926
814,0.4714285714285714,13.399999999999984,9.93939393939394
815,0.44285714285714284,12.399999999999988,11.064516129032258
816,0.5,11.99999999999999,9.696969696969697
817,0.463768115942029,12.999999999999986,9.84375
818,0.4927536231884058,13.199999999999985,10.029411764705882
819,0.4189189189189189,13.599999999999984,12.806451612903226
820,0.46551724137931033,10.999999999999993,8.185185185185185
821,0.4189189189189189,13.399999999999984,9.129032258064516
822,0.43243243243243246,13.199999999999985,9.53125
823,0.42857142857142855,14.199999999999982,10.030303030303031
824,0.4307692307692308,11.79999999999999,9.892857142857142
825,0.4927536231884058,12.999999999999986,10.029411764705882
826,0.5230769230769231,11.99999999999999,10.264705882352942
827,0.4788732394366197,13.199999999999985,8.794117647058824
828,0.5294117647058824,12.799999999999986,9.583333333333334
829,0.5,11.59999999999999,8.1875
830,0.4675324675324675,14.39999999999998,10.555555555555555
831,0.46153846153846156,14.59999999999998,10.38888888888889
832,0.463768115942029,12.599999999999987,10.6875
833,0.48148148148148145,15.399999999999977,10.512820512820513
834,0.4605263157894737,14.59999999999998,11.028571428571428
835,0.4794520547945205,13.199999999999985,9.2
836,0.4444444444444444,13.999999999999982,9.59375
837,0.4788732394366197,13.399999999999984,9.0
838,0.4594594594594595,14.199999999999982,12.235294117647058
839,0.4098360655737705,11.399999999999991,10.16
840,0.453125,11.79999999999999,9.724137931034482
841,0.44155844155844154,13.799999999999983,9.558823529411764
842,0.5362318840579711,12.799999999999986,10.135135135135135
843,0.47058823529411764,13.199999999999985,8.84375
844,0.44155844155844154,14.59999999999998,11.176470588235293
845,0.44871794871794873,14.999999999999979,8.971428571428572
846,0.4788732394366197,13.399999999999984,9.558823529411764
847,0.4264705882352941,11.99999999999999,10.10344827586207
848,0.47761194029850745,12.199999999999989,9.96875
849,0.46153846153846156,11.79999999999999,9.733333333333333
850,0.5,13.199999999999985,10.194444444444445
851,0.45569620253164556,13.999999999999982,11.305555555555555
852,0.4126984126984127,11.59999999999999,9.692307692307692
853,0.45569620253164556,14.59999999999998,11.5
854,0.375,11.59999999999999,11.458333333333334
855,0.5409836065573771,11.399999999999991,9.696969696969697
856,0.4074074074074074,15.199999999999978,10.333333333333334
857,0.5151515151515151,12.199999999999989,8.970588235294118
858,0.4383561643835616,14.199999999999982,9.4375
859,0.44,13.999999999999982,10.212121212121213
860,0.4230769230769231,14.59999999999998,11.151515151515152
861,0.5,12.399999999999988,10.375
862,0.4375,15.199999999999978,9.771428571428572
863,0.4927536231884058,12.599999999999987,11.088235294117647
864,0.40540540540540543,13.999999999999982,8.466666666666667
865,0.4838709677419355,11.59999999999999,9.6
866,0.4647887323943662,13.199999999999985,12.272727272727273
867,0.4583333333333333,13.799999999999983,10.393939393939394
868,0.4268292682926829,15.399999999999977,10.4
869,0.4225352112676056,12.999999999999986,8.9
870,0.4444444444444444,13.199999999999985,10.4375
871,0.42857142857142855,13.399999999999984,9.166666666666666
872,0.4578313253012048,15.199999999999978,9.368421052631579
873,0.4153846153846154,11.99999999999999,10.74074074074074
874,0.4533333333333333,14.199999999999982,10.764705882352942
875,0.4647887323943662,13.199999999999985,10.575757575757576
876,0.4642857142857143,9.799999999999997,9.576923076923077
877,0.5,12.599999999999987,10.176470588235293
878,0.41333333333333333,13.799999999999983,10.838709677419354
879,0.4594594594594595,14.39999999999998,10.382352941176471
880,0.4696969696969697,12.599999999999987,10.709677419354838
881,0.4473684210526316,14.199999999999982,12.411764705882353
882,0.4057971014492754,13.199999999999985,11.535714285714286
883,0.4788732394366197,13.399999999999984,10.411764705882353
884,0.4473684210526316,13.799999999999983,8.735294117647058
885,0.4533333333333333,13.799999999999983,10.382352941176471
886,0.4647887323943662,13.599999999999984,10.696969696969697
887,0.4430379746835443,14.39999999999998,11.942857142857143
888,0.4098360655737705,11.199999999999992,9.88
889,0.49230769230769234,12.999999999999986,10.15625
890,0.4411764705882353,12.399999999999988,9.9
891,0.3880597014925373,11.79999999999999,10.307692307692308
892,0.390625,11.79999999999999,9.68
893,0.45901639344262296,11.199999999999992,9.857142857142858
894,0.4666666666666667,10.799999999999994,9.821428571428571
895,0.4411764705882353,12.399999999999988,11.0
896,0.4225352112676056,13.399999999999984,9.7
897,0.4657534246575342,13.399999999999984,11.705882352941176
898,0.40789473684210525,14.39999999999998,8.67741935483871
899,0.43902439024390244,14.79999999999998,11.055555555555555
900,0.44,13.799999999999983,9.757575757575758
901,0.4714285714285714,12.199999999999989,8.333333333333334
902,0.3918918918918919,13.199999999999985,10.241379310344827
903,0.4857142857142857,13.199999999999985,9.970588235294118
904,0.4583333333333333,12.999999999999986,10.151515151515152
905,0.49333333333333335,14.199999999999982,10.64864864864865
906,0.4225352112676056,13.199999999999985,9.633333333333333
907,0.47540983606557374,11.59999999999999,9.689655172413794
908,0.4305555555555556,13.799999999999983,11.129032258064516
909,0.4057971014492754,12.399999999999988,10.964285714285714
910,0.4125,14.39999999999998,10.090909090909092
911,0.45714285714285713,13.199999999999985,10.1875
912,0.44285714285714284,13.399999999999984,9.580645161290322
913,0.39436619718309857,12.999999999999986,9.678571428571429
914,0.4027777777777778,12.799999999999986,9.793103448275861
915,0.4406779661016949,10.599999999999994,8.692307692307692
916,0.4594594594594595,13.599999999999984,10.588235294117647
917,0.42105263157894735,14.199999999999982,10.84375
918,0.5285714285714286,13.199999999999985,9.35135135135135
919,0.45714285714285713,13.199999999999985,10.625
920,0.4567901234567901,15.199999999999978,11.054054054054054
921,0.38461538461538464,11.79999999999999,11.44
922,0.43548387096774194,11.59999999999999,8.074074074074074
923,0.4647887323943662,13.199999999999985,10.484848484848484
924,0.4125,15.399999999999977,12.333333333333334
925,0.4084507042253521,12.799999999999986,8.379310344827585
926,0.43661971830985913,12.799999999999986,9.483870967741936
927,0.4861111111111111,13.799999999999983,10.457142857142857
928,0.4230769230769231,14.79999999999998,9.93939393939394
929,0.4069767441860465,15.799999999999976,10.17142857142857
930,0.5135135135135135,13.999999999999982,10.526315789473685
931,0.3880597014925373,11.99999999999999,10.615384615384615
932,0.42857142857142855,14.199999999999982,10.272727272727273
933,0.41025641025641024,14.999999999999979,11.25
934,0.4383561643835616,13.799999999999983,8.875
935,0.4857142857142857,13.199999999999985,9.852941176470589
936,0.546875,12.599999999999987,9.285714285714286
937,0.47368421052631576,14.199999999999982,11.194444444444445
938,0.3950617283950617,14.999999999999979,11.09375
939,0.4268292682926829,14.999999999999979,9.028571428571428
940,0.47058823529411764,12.799999999999986,8.53125
941,0.4444444444444444,15.199999999999978,10.75
942,0.3950617283950617,14.999999999999979,10.875
943,0.35294117647058826,11.79999999999999,10.041666666666666
944,0.4305555555555556,13.599999999999984,9.806451612903226
945,0.44155844155844154,14.39999999999998,10.176470588235293
946,0.4,11.99999999999999,10.038461538461538
947,0.4782608695652174,12.999999999999986,11.787878787878787
948,0.40540540540540543,13.599999999999984,10.1
949,0.4492753623188406,12.999999999999986,10.290322580645162
950,0.3880597014925373,11.99999999999999,9.538461538461538
951,0.4492753623188406,12.999999999999986,11.32258064516129
952,0.40298507462686567,12.599999999999987,11.037037037037036
953,0.3684210526315789,13.599999999999984,10.392857142857142
954,0.4745762711864407,11.199999999999992,11.178571428571429
955,0.4393939393939394,12.599999999999987,11.310344827586206
956,0.4430379746835443,14.79999999999998,9.885714285714286
957,0.40789473684210525,13.999999999999982,10.387096774193548
958,0.49230769230769234,12.599999999999987,9.84375
959,0.4642857142857143,10.799999999999994,10.26923076923077
960,0.48333333333333334,11.199999999999992,9.862068965517242
961,0.5223880597014925,12.399999999999988,9.17142857142857
962,0.40789473684210525,14.199999999999982,10.129032258064516
963,0.4125,15.399999999999977,10.606060606060606
964,0.4025974025974026,14.39999999999998,10.516129032258064
965,0.44594594594594594,13.599999999999984,9.727272727272727
966,0.49333333333333335,13.999999999999982,10.945945945945946
967,0.4696969696969697,12.999999999999986,10.774193548387096
968,0.5072463768115942,12.999999999999986,9.542857142857143
969,0.4647887323943662,13.399999999999984,9.484848484848484
970,0.36923076923076925,11.199999999999992,10.208333333333334
971,0.5,12.599999999999987,10.454545454545455
972,0.4782608695652174,12.799999999999986,10.272727272727273
973,0.4583333333333333,12.799999999999986,9.272727272727273
974,0.43902439024390244,15.399999999999977,11.694444444444445
975,0.42857142857142855,10.999999999999993,9.444444444444445
976,0.5,12.799999999999986,10.5
977,0.4470588235294118,16.599999999999973,10.526315789473685
978,0.5,11.99999999999999,10.65625
979,0.46296296296296297,10.199999999999996,9.56
980,0.39436619718309857,12.599999999999987,10.392857142857142
981,0.4722222222222222,13.599999999999984,10.205882352941176
982,0.5166666666666667,11.199999999999992,10.064516129032258
983,0.44285714285714284,12.599999999999987,8.741935483870968
984,0.4406779661016949,10.999999999999993,10.846153846153847
985,0.484375,12.199999999999989,11.516129032258064
986,0.4805194805194805,14.39999999999998,9.945945945945946
987,0.4492753623188406,12.799999999999986,10.870967741935484
988,0.5079365079365079,11.79999999999999,8.28125
989,0.4492753623188406,12.999999999999986,9.806451612903226
990,0.49333333333333335,14.39999999999998,9.162162162162161
991,0.4666666666666667,13.999999999999982,9.6
992,0.4603174603174603,11.399999999999991,9.862068965517242
993,0.4520547945205479,13.999999999999982,11.06060606060606
994,0.41025641025641024,14.79999999999998,9.6875
995,0.4861111111111111,13.199999999999985,10.028571428571428
996,0.4788732394366197,12.999999999999986,9.058823529411764
997,0.4533333333333333,13.999999999999982,10.441176470588236
998,0.43548387096774194,11.199999999999992,9.666666666666666
999,0.44776119402985076,11.99999999999999,10.133333333333333
